username,email,password,password_confirmation,name
user1,user1@example.com,password,password,User One
user2,user2@example.com,password,password,User Two
user3,user3@example.com,password,password,User Three
user4,user4@example.com,password,password,User Four
user5,user5@example.com,password,password,User Five
user6,user6@example.com,password,password,User Six
user7,user7@example.com,password,password,User Seven
user8,user8@example.com,password,password,User Eight
user9,user9@example.com,password,password,User Nine
user10,user10@example.com,password,password,User Ten
